Awaiting,"CNIC Mismatch",Date,Death,Driver,Evening,Leave,"Left Job","Night Shift","Not Surveyd",Other,"Other Duty",Present,"Present without Uniform",Retired,Surveyed,Total,Transfer,"Valid Absent",Zone,week,year
0,0,2017-04-28,0,0,0,0,0,0,1784,0,0,2,0,0,2,1786,0,0,IV,17,2017
233,0,2017-04-30,0,0,0,0,0,0,4924,0,0,201,0,0,434,5358,0,0,IV,18,2017
1201,0,2017-05-07,0,0,0,0,0,0,4543,0,0,507,0,0,1708,6251,0,0,IV,19,2017
1696,0,2017-05-15,0,0,0,0,0,0,2299,0,0,1363,0,0,3059,5358,0,0,IV,20,2017
878,1,2017-05-21,7,4,0,52,3,24,3231,197,65,1755,0,2,3020,6251,19,13,IV,21,2017
229,81,2017-05-29,1,2,0,42,31,27,2443,90,13,2011,0,0,2561,5004,19,15,I,22,2017
39,0,2017-05-29,0,0,0,0,0,0,1743,0,0,4,0,0,43,1786,0,0,IV,22,2017
180,8,2017-06-09,1,0,0,2,19,2,32,45,5,118,0,0,392,424,12,0,GIP,23,2017
48,22,2017-06-05,2,3,0,40,24,25,362,73,15,1033,0,0,1306,1668,15,6,I,23,2017
12,0,2017-06-05,0,0,0,0,0,0,1774,0,0,0,0,0,12,1786,0,0,IV,23,2017
39,4,2017-06-09,1,1,0,3,1,1,14,12,12,147,0,0,229,243,6,2,VI,23,2017
3,35,2017-06-06,0,4,0,17,90,8,278,34,3,550,0,0,763,1041,8,11,VII,23,2017
85,0,2017-06-12,1,0,0,6,21,49,0,11,0,231,0,0,424,424,18,2,GIP,24,2017
313,1,2017-06-12,0,0,0,0,6,1,17,177,0,187,0,0,689,706,4,0,GORs,24,2017
3,20,2017-06-15,1,2,0,26,10,23,201,17,4,730,0,0,861,1062,12,13,II,24,2017
83,12,2017-06-14,0,1,0,3,65,5,1168,0,2,877,0,0,1055,2223,6,1,III,24,2017
113,6,2017-06-12,0,0,0,5,1,1,27,2,0,256,0,0,389,416,5,0,"Project Gulshan-e-Iqbal Park",24,2017
27,25,2017-06-16,1,6,0,24,21,51,699,34,12,1104,0,0,1347,2046,13,29,V,24,2017
10,6,2017-06-12,0,0,0,1,7,4,283,1,2,169,0,0,203,486,2,1,VI,24,2017
385,14,2017-06-21,0,4,0,1,19,5,187,18,159,265,0,0,872,1059,2,0,GORs,25,2017
10,21,2017-06-20,3,4,0,37,16,37,1045,2,13,474,0,0,623,1668,2,4,I,25,2017
1,7,2017-06-20,1,1,0,31,7,51,940,10,10,496,0,0,653,1593,16,22,II,25,2017
12,4,2017-06-21,0,0,0,10,43,9,377,7,4,272,0,0,364,741,0,3,III,25,2017
0,0,2017-06-22,3,3,0,15,4,40,543,12,6,250,0,0,350,893,9,8,IV,25,2017
92,6,2017-06-19,2,1,0,9,22,7,28,18,1,246,0,0,416,444,10,2,JillaniPark,25,2017
77,7,2017-06-19,4,0,0,14,30,4,164,7,8,511,0,0,680,844,12,6,PDLBC,25,2017
73,2,2017-06-20,2,0,0,5,1,6,152,10,1,153,0,0,264,416,7,4,"Project Gulshan-e-Iqbal Park",25,2017
211,9,2017-06-20,0,2,0,10,15,42,1310,12,17,387,0,0,736,2046,5,26,V,25,2017
0,6,2017-06-20,0,0,0,14,10,26,411,21,5,216,0,0,318,729,8,12,VI,25,2017
0,1,2017-06-20,0,1,0,1,1,0,329,0,0,12,0,0,18,347,1,1,VII,25,2017
0,0,2017-07-01,1,0,0,9,23,15,0,9,0,141,0,0,212,212,12,2,GIP,26,2017
48,10,2017-06-29,0,2,0,7,69,18,89,35,3,397,0,0,652,741,4,59,III,26,2017
32,0,2017-06-30,4,5,0,32,8,62,238,39,14,408,0,1,655,893,13,37,IV,26,2017
0,2,2017-07-01,1,1,0,1,12,67,3,16,1,109,0,1,219,222,6,2,JillaniPark,26,2017
20,1,2017-07-01,3,0,0,5,15,20,9,30,16,282,0,2,413,422,12,7,PDLBC,26,2017
34,6,2017-06-30,2,0,0,20,6,9,30,17,3,250,0,1,386,416,11,27,"Project Gulshan-e-Iqbal Park",26,2017
1,4,2017-06-29,0,3,0,15,40,21,81,2,6,116,0,0,266,347,3,55,VII,26,2017
0,0,2017-07-03,2,0,0,15,52,57,0,46,1,195,26,0,424,424,23,7,GIP,27,2017
0,0,2017-07-08,0,0,0,3,7,4,229,3,19,57,27,0,124,353,4,0,GORs,27,2017
53,20,2017-07-03,2,9,0,69,24,73,314,41,30,878,105,17,1354,1668,10,23,I,27,2017
0,7,2017-07-05,1,2,0,21,6,39,2,20,14,210,180,1,529,531,11,17,II,27,2017
50,7,2017-07-03,0,2,0,11,127,51,245,75,4,831,25,2,1237,1482,5,47,III,27,2017
7,0,2017-07-06,5,8,0,38,9,89,21,25,14,222,394,8,872,893,19,34,IV,27,2017
48,3,2017-07-03,1,0,0,18,20,40,28,20,18,184,47,2,416,444,7,8,JillaniPark,27,2017
18,0,2017-07-07,1,1,0,1,11,15,0,6,57,252,37,3,422,422,10,10,PDLBC,27,2017
17,3,2017-07-02,0,0,0,9,3,1,220,10,3,41,99,2,196,416,3,5,"Project Gulshan-e-Iqbal Park",27,2017
12,16,2017-07-08,0,3,0,18,14,46,293,14,15,390,182,3,730,1023,3,14,V,27,2017
10,4,2017-07-06,0,1,0,5,9,34,0,6,10,2,153,0,243,243,4,5,VI,27,2017
0,12,2017-07-08,0,3,0,13,47,32,2,0,4,191,17,2,345,347,3,21,VII,27,2017
2,0,2017-07-10,2,0,0,7,52,31,0,12,7,130,141,0,424,424,34,6,GIP,28,2017
0,15,2017-07-11,2,8,0,35,18,54,11,16,15,536,95,10,823,834,10,9,I,28,2017
3,6,2017-07-12,2,0,0,14,6,42,0,13,7,197,210,1,531,531,15,15,II,28,2017
0,10,2017-07-13,0,0,0,6,82,41,4,35,65,419,53,1,737,741,7,18,III,28,2017
193,3,2017-07-10,1,1,0,3,5,4,6,10,5,134,72,2,438,444,3,2,JillaniPark,28,2017
0,0,2017-07-11,3,0,0,8,24,21,0,3,9,274,54,7,422,422,16,3,PDLBC,28,2017
20,4,2017-07-10,1,0,0,16,4,7,76,19,1,37,208,3,340,416,9,11,"Project Gulshan-e-Iqbal Park",28,2017
8,20,2017-07-14,1,2,0,13,24,44,0,24,11,580,278,6,1023,1023,3,9,V,28,2017
1,3,2017-07-12,0,0,0,7,9,34,2,8,6,4,153,1,241,243,10,5,VI,28,2017
3,12,2017-07-13,0,2,0,4,44,30,4,2,6,208,16,2,343,347,5,9,VII,28,2017
0,0,2017-07-17,0,6,0,1,38,15,-2,270,16,285,62,0,708,706,13,2,GORs,29,2017
0,15,2017-07-20,3,6,0,32,19,43,3,13,15,578,67,9,831,834,8,23,I,29,2017
2,10,2017-07-21,0,1,0,3,80,35,3,19,4,513,28,1,738,741,8,34,III,29,2017
13,3,2017-07-17,10,12,0,79,17,111,158,76,24,407,742,14,1628,1786,33,87,IV,29,2017
0,4,2017-07-19,1,1,0,7,14,6,3,15,5,84,67,3,219,222,7,5,JillaniPark,29,2017
7,0,2017-07-21,4,1,0,2,11,11,80,11,6,233,40,6,342,422,6,4,PDLBC,29,2017
0,2,2017-07-19,1,0,0,7,3,2,-2,16,2,151,11,2,210,208,7,6,"Project Gulshan-e-Iqbal Park",29,2017
0,17,2017-07-18,1,6,0,10,25,78,0,14,8,554,265,7,1023,1023,6,32,V,29,2017
0,3,2017-07-19,0,1,0,4,8,20,0,18,6,4,147,1,243,243,16,15,VI,29,2017
0,0,2017-07-24,1,0,0,2,22,1,0,20,1,106,28,0,212,212,7,24,GIP,30,2017
0,20,2017-07-28,3,8,22,28,17,16,10,39,26,568,49,9,824,834,9,10,I,30,2017
1,5,2017-07-24,1,0,0,16,7,19,531,31,8,181,219,1,531,1062,13,29,II,30,2017
93,26,2017-07-25,0,1,22,9,165,48,655,39,8,951,98,2,1568,2223,15,91,III,30,2017
4,1,2017-07-23,5,8,0,17,8,26,1074,64,14,191,318,7,712,1786,17,32,IV,30,2017
0,0,2017-07-26,4,2,0,8,23,14,0,17,6,273,49,7,422,422,13,6,PDLBC,30,2017
0,6,2017-07-26,0,2,0,4,10,8,0,25,6,9,136,1,243,243,15,21,VI,30,2017
3,8,2017-07-25,0,3,0,7,46,14,3,20,10,205,5,2,344,347,4,17,VII,30,2017
0,0,2017-08-01,1,0,0,4,26,7,0,25,2,104,20,1,212,212,13,9,GIP,31,2017
0,11,2017-08-02,3,10,37,21,18,24,5,23,24,575,52,10,829,834,11,10,I,31,2017
1,8,2017-08-03,2,2,28,17,6,20,-1,21,15,156,224,2,532,531,13,17,II,31,2017
0,14,2017-08-05,0,1,21,5,84,34,0,11,3,477,49,2,741,741,8,32,III,31,2017
0,2,2017-08-01,1,1,0,4,12,6,25,16,3,65,71,3,197,222,7,6,JillaniPark,31,2017
1,0,2017-08-03,4,0,8,6,24,18,0,9,13,266,48,7,422,422,11,7,PDLBC,31,2017
0,3,2017-08-01,1,0,1,8,4,17,206,11,3,109,35,1,210,416,6,11,"Project Gulshan-e-Iqbal Park",31,2017
0,15,2017-07-31,1,6,55,10,26,39,0,38,12,621,165,7,1023,1023,4,24,V,31,2017
0,2,2017-08-04,0,1,0,4,11,2,6,6,24,5,124,1,237,243,11,46,VI,31,2017
0,5,2017-08-04,0,2,11,3,46,8,44,0,4,105,1,2,303,347,3,113,VII,31,2017
0,0,2017-08-10,0,9,12,6,0,7,1266,5,175,93,17,1,362,1628,5,32,I,32,2017
0,0,2017-08-10,0,0,3,2,7,5,1325,3,3,128,7,0,163,1488,3,2,III,32,2017
0,0,2017-08-08,1,6,87,16,11,30,1747,22,189,243,266,9,922,2669,21,21,IV,32,2017
0,0,2017-08-09,1,1,5,7,22,23,0,31,90,204,25,5,428,428,10,4,PDLBC,32,2017
6,0,2017-08-07,0,18,115,25,59,87,3004,69,404,1060,197,15,2115,5119,7,53,V,32,2017
0,1,2017-08-12,0,0,7,4,13,0,0,12,41,8,118,1,242,242,12,25,VI,32,2017
0,2,2017-08-09,0,6,5,0,83,2,441,1,19,123,4,0,269,710,2,22,VII,32,2017
0,0,2017-08-15,0,3,2,1,20,2,366,139,33,69,94,1,368,734,4,0,GORs,33,2017
1,0,2017-08-19,0,1,1,7,16,0,3,30,6,85,81,3,248,251,1,16,JillaniPark,33,2017
0,0,2017-08-19,1,2,3,6,20,0,11,19,7,261,58,0,414,425,16,21,PDLBC,33,2017
0,1,2017-08-18,0,5,0,3,51,2,2,6,111,131,17,1,362,364,7,27,VII,33,2017
0,0,2017-08-24,0,0,0,6,28,0,-1,27,1,111,36,0,235,234,17,9,GIP,34,2017
0,0,2017-08-22,0,16,10,19,3,5,693,31,240,442,103,10,958,1651,9,70,I,34,2017
1,0,2017-08-21,1,2,0,18,0,1,14,48,9,127,240,3,516,530,10,56,II,34,2017
0,0,2017-08-26,0,6,0,1,33,0,287,42,5,332,10,0,445,732,2,14,III,34,2017
0,0,2017-08-26,0,6,0,9,10,0,424,7,119,107,149,3,462,886,3,49,IV,34,2017
2,0,2017-08-25,1,1,10,2,20,5,48,13,8,268,10,0,366,414,22,4,PDLBC,34,2017
1,0,2017-08-24,0,0,0,13,3,0,-1,15,0,127,40,2,212,211,7,4,"Project Gulshan-e-Iqbal Park",34,2017
13,0,2017-08-22,0,9,19,15,19,27,2666,50,46,847,228,4,1376,4042,7,92,V,34,2017
0,0,2017-08-24,0,1,0,2,12,0,-2,4,8,9,163,1,251,249,11,40,VI,34,2017
0,0,2017-08-25,0,1,1,0,22,0,569,0,0,70,2,0,99,668,1,2,VII,34,2017
0,0,2017-08-28,0,9,0,1,2,4,615,51,16,88,18,2,212,827,1,20,I,35,2017
0,0,2017-08-29,1,0,0,7,32,0,445,24,5,172,25,1,287,732,4,16,III,35,2017
0,0,2017-08-28,1,4,3,7,4,2,2119,19,10,152,288,4,529,2648,10,25,IV,35,2017
1,0,2017-08-28,1,6,9,6,37,19,106,51,37,500,19,0,721,827,24,11,PDLBC,35,2017
0,0,2017-08-28,0,8,21,5,0,21,1493,26,16,349,38,1,519,2012,6,28,V,35,2017
0,0,2017-08-28,0,4,4,1,3,1,435,1,7,150,4,0,189,624,2,12,VII,35,2017
1,0,2017-09-06,0,0,0,15,2,2,2624,34,26,199,3,0,299,2923,3,14,III,36,2017
0,0,2017-09-06,0,0,1,1,1,0,3368,4,7,133,6,0,153,3521,0,0,IV,36,2017
4,0,2017-09-07,0,3,0,13,30,9,782,48,18,305,10,0,457,1239,6,11,PDLBC,36,2017
0,0,2017-09-06,0,1,9,20,1,34,3402,44,7,408,49,0,621,4023,0,48,V,36,2017
0,0,2017-09-07,0,3,0,0,1,0,696,2,0,210,8,0,240,936,3,13,VII,36,2017
0,0,2017-09-15,0,0,39,6,28,8,-1,18,5,90,23,0,234,233,16,1,GIP,37,2017
0,0,2017-09-13,1,15,4,31,4,9,39,38,37,456,124,9,787,826,14,45,I,37,2017
4,0,2017-09-14,1,0,38,16,0,21,-1,21,25,108,256,3,529,528,11,25,II,37,2017
2,0,2017-09-11,1,2,28,16,70,21,657,32,17,541,32,2,805,1462,9,32,III,37,2017
0,0,2017-09-11,0,3,2,3,0,1,2486,8,1,121,5,3,148,2634,1,0,IV,37,2017
0,0,2017-09-15,1,1,67,2,5,22,2,20,8,57,44,1,240,242,8,4,JillaniPark,37,2017
0,0,2017-09-11,0,2,1,11,26,9,420,23,19,290,7,0,406,826,9,9,PDLBC,37,2017
0,0,2017-09-15,0,1,40,11,4,16,-1,9,6,83,26,1,213,212,7,9,"Project Gulshan-e-Iqbal Park",37,2017
0,0,2017-09-12,1,3,7,6,1,5,1818,7,3,138,17,0,196,2014,0,8,V,37,2017
0,0,2017-09-19,0,2,1,0,0,0,831,1,2,35,3,2,49,880,0,3,IV,38,2017
0,0,2017-09-19,0,1,14,12,26,8,0,21,19,288,10,0,413,413,10,4,PDLBC,38,2017
0,0,2017-09-21,1,16,61,15,9,38,47,50,48,545,130,12,961,1008,7,29,V,38,2017
0,0,2017-09-18,1,2,10,3,19,8,0,15,16,8,132,1,250,250,16,19,VI,38,2017
25,0,2017-09-18,0,6,20,10,2,9,251,5,4,262,18,1,373,624,4,7,VII,38,2017
85,0,2017-09-25,0,13,30,14,4,9,84,16,61,369,95,6,744,828,17,25,I,39,2017
621,0,2017-10-03,0,0,46,6,39,10,-5,33,5,125,28,1,940,935,13,13,GIP,40,2017
295,0,2017-10-02,0,14,35,16,11,9,2874,31,156,386,121,12,1135,4009,18,31,I,40,2017
295,0,2017-10-02,0,0,1,0,0,0,695,5,0,20,17,0,354,1049,1,15,II,40,2017
1108,0,2017-10-02,0,0,0,0,0,0,315,1,0,24,13,0,1148,1463,0,2,III,40,2017
506,0,2017-10-03,0,5,0,2,0,2,1138,4,0,58,35,0,620,1758,0,8,IV,40,2017
399,0,2017-10-02,1,1,68,10,10,22,212,34,4,100,87,2,754,966,2,14,JillaniPark,40,2017
566,0,2017-10-02,0,4,14,5,31,8,629,32,14,294,19,2,1010,1639,10,11,PDLBC,40,2017
96,0,2017-10-03,0,1,40,14,6,14,445,34,3,124,42,2,403,848,12,15,"Project Gulshan-e-Iqbal Park",40,2017
992,0,2017-10-02,0,0,0,0,0,0,1935,5,0,48,11,0,1075,3010,1,18,V,40,2017
455,0,2017-10-02,0,0,0,0,0,0,271,0,0,1,19,0,484,755,0,9,VI,40,2017
149,0,2017-10-02,0,0,0,0,0,0,760,1,0,5,7,0,169,929,0,7,VII,40,2017
0,0,2017-10-14,0,3,3,1,9,1,-1,139,28,62,117,1,370,369,2,4,GORs,41,2017
0,0,2017-10-09,1,23,85,12,3,47,670,59,14,116,425,6,893,1563,22,80,II,41,2017
2,0,2017-10-09,1,4,28,4,64,22,731,51,5,474,31,1,729,1460,14,28,III,41,2017
0,0,2017-10-12,6,7,75,21,18,23,1615,50,43,604,112,8,1022,2637,24,31,IV,41,2017
0,0,2017-10-11,1,21,104,20,17,50,313,253,97,734,267,34,1662,1975,19,45,V,41,2017
0,0,2017-10-13,1,0,8,4,12,9,0,15,3,4,142,1,251,251,22,30,VI,41,2017
0,0,2017-10-14,0,4,11,9,8,7,2,7,0,209,23,5,305,307,5,17,VII,41,2017
180,0,2017-10-19,0,0,0,0,0,1,-1,10,0,23,16,0,234,233,1,3,GIP,42,2017
162,0,2017-10-16,0,14,0,29,18,9,1432,97,186,834,250,26,1771,3203,34,112,I,42,2017
364,0,2017-10-18,1,11,0,6,1,19,986,35,9,208,350,4,1092,2078,31,53,II,42,2017
1245,0,2017-10-18,0,0,0,0,0,0,163,4,0,25,17,0,1293,1456,0,2,III,42,2017
319,0,2017-10-18,0,1,1,1,0,0,1307,9,0,63,32,1,443,1750,4,12,IV,42,2017
161,0,2017-10-18,0,0,0,1,1,0,244,7,0,38,31,0,240,484,0,1,JillaniPark,42,2017
255,0,2017-10-18,0,0,0,0,0,0,541,1,0,18,1,0,277,818,0,2,PDLBC,42,2017
20,0,2017-10-16,0,0,1,3,4,0,127,29,0,163,41,1,286,413,17,7,"Project Gulshan-e-Iqbal Park",42,2017
1003,0,2017-10-18,0,0,0,2,0,2,841,9,0,54,14,1,1103,1944,2,16,V,42,2017
239,0,2017-10-17,0,0,0,0,0,0,487,0,0,2,15,0,262,749,0,6,VI,42,2017
117,0,2017-10-18,0,0,0,0,0,0,720,3,0,66,6,0,202,922,1,9,VII,42,2017
0,0,2017-10-28,0,0,0,5,21,0,-1,22,0,110,36,0,216,215,14,8,GIP,43,2017
0,0,2017-10-28,0,3,0,2,16,2,0,56,20,115,137,1,356,356,3,1,GORs,43,2017
0,0,2017-10-26,0,10,1,12,9,0,848,33,41,472,102,9,738,1586,5,44,I,43,2017
0,0,2017-10-25,1,3,0,8,24,2,1,36,42,466,45,1,691,692,12,51,III,43,2017
0,0,2017-10-27,3,0,0,7,14,1,2,32,28,62,85,1,239,241,2,4,JillaniPark,43,2017
0,0,2017-10-25,0,3,0,7,15,0,0,29,40,269,13,0,394,394,5,13,PDLBC,43,2017
0,0,2017-10-27,0,0,0,11,2,0,0,24,2,125,22,1,205,205,11,7,"Project Gulshan-e-Iqbal Park",43,2017
0,0,2017-10-23,1,15,61,14,14,35,-1,92,28,465,169,16,974,973,14,50,V,43,2017
0,0,2017-10-28,1,1,0,7,15,0,6,14,2,3,151,1,241,247,16,30,VI,43,2017
0,0,2017-10-26,0,3,0,4,4,2,10,16,13,190,27,3,295,305,3,30,VII,43,2017
0,0,2017-11-03,0,0,0,11,48,20,-7,25,3,245,65,0,463,456,26,20,GIP,44,2017
0,0,2017-11-03,0,2,0,2,5,2,223,4,14,65,28,1,132,355,2,7,GORs,44,2017
0,0,2017-11-02,1,1,0,5,2,19,-1,24,19,131,292,4,525,524,9,18,II,44,2017
0,0,2017-11-04,1,3,0,8,28,24,1,26,50,448,41,3,705,706,16,57,III,44,2017
0,0,2017-10-30,4,5,3,22,11,0,15,34,18,529,145,8,850,865,20,51,IV,44,2017
0,0,2017-11-03,4,1,0,2,11,23,2,20,5,56,106,0,239,241,2,9,JillaniPark,44,2017
0,0,2017-11-02,0,3,0,7,13,7,0,17,13,293,21,0,394,394,6,14,PDLBC,44,2017
0,0,2017-11-03,0,0,0,8,2,15,5,17,2,127,13,1,200,205,11,4,"Project Gulshan-e-Iqbal Park",44,2017
0,0,2017-10-31,0,2,0,8,7,4,328,6,2,191,36,3,288,616,1,28,VII,44,2017
0,0,2017-11-09,0,6,0,4,16,1,-1,53,12,94,163,1,357,356,2,5,GORs,45,2017
0,0,2017-11-07,4,4,0,22,12,31,10,23,48,522,121,8,855,865,19,41,IV,45,2017
0,0,2017-11-11,3,1,0,15,12,21,2,31,2,45,102,1,240,242,2,5,JillaniPark,45,2017
0,0,2017-11-09,0,5,0,9,19,7,0,24,10,284,23,0,400,400,8,11,PDLBC,45,2017
0,0,2017-11-11,0,0,0,21,2,15,-1,15,1,116,18,1,203,202,8,6,"Project Gulshan-e-Iqbal Park",45,2017
0,0,2017-11-06,2,12,0,20,23,37,-1,95,27,514,162,12,974,973,11,59,V,45,2017
0,0,2017-11-08,2,1,0,2,31,17,20,26,6,16,246,2,478,498,18,111,VI,45,2017
0,0,2017-11-08,0,4,0,4,7,5,1,12,2,230,24,3,310,311,3,16,VII,45,2017
0,0,2017-11-15,0,0,0,11,25,10,-1,23,0,131,25,0,246,245,13,8,GIP,46,2017
0,0,2017-11-13,0,14,0,21,10,9,5,38,31,464,114,12,788,793,14,61,I,46,2017
0,0,2017-11-15,1,7,0,13,4,18,-1,21,4,140,271,4,525,524,11,31,II,46,2017
0,1,2017-11-17,2,4,0,5,31,25,1,48,13,466,56,2,708,709,16,39,III,46,2017
0,0,2017-11-16,6,7,0,23,13,20,20,26,40,514,148,10,846,866,11,28,IV,46,2017
0,0,2017-11-17,0,2,0,5,15,7,0,34,16,280,26,0,399,399,6,8,PDLBC,46,2017
0,0,2017-11-16,0,0,0,9,2,0,14,15,0,112,25,2,188,202,9,14,"Project Gulshan-e-Iqbal Park",46,2017
0,0,2017-11-14,3,14,0,19,17,35,1,49,42,548,171,22,973,974,5,48,V,46,2017
0,0,2017-11-18,1,1,0,1,22,7,6,7,5,15,121,1,240,246,12,47,VI,46,2017
0,0,2017-11-18,0,5,0,4,9,5,1,15,1,221,28,4,310,311,3,15,VII,46,2017
0,0,2017-11-25,0,6,3,2,16,2,-1,38,65,41,168,2,355,354,2,10,GORs,47,2017
0,0,2017-11-20,0,20,0,48,12,17,60,72,40,940,220,25,1504,1564,26,84,I,47,2017
0,0,2017-11-21,1,2,0,13,3,18,-1,26,5,132,278,5,522,521,7,32,II,47,2017
0,1,2017-11-25,2,5,37,10,34,24,0,31,6,431,50,1,707,707,17,58,III,47,2017
0,0,2017-11-22,4,3,0,11,9,7,1305,20,7,228,99,3,429,1734,2,36,IV,47,2017
0,0,2017-11-23,3,1,0,9,8,2,22,24,1,51,105,3,220,242,4,9,JillaniPark,47,2017
0,0,2017-11-21,0,2,0,5,21,9,0,32,4,281,32,1,400,400,8,5,PDLBC,47,2017
0,0,2017-11-24,0,1,0,11,1,0,15,15,1,109,32,2,187,202,8,7,"Project Gulshan-e-Iqbal Park",47,2017
0,0,2017-11-23,3,15,0,26,20,39,5,57,49,483,184,18,972,977,5,73,V,47,2017
0,0,2017-11-23,0,0,0,1,12,0,123,16,3,46,16,3,124,247,7,20,VI,47,2017
0,0,2017-11-22,0,5,0,10,9,5,1,12,2,214,26,5,309,310,2,19,VII,47,2017
245,0,2017-11-28,0,0,50,2,6,10,190,21,3,107,33,1,494,684,10,6,GIP,48,2017
188,0,2017-11-28,0,1,14,8,0,3,1925,5,11,92,61,3,403,2328,1,16,I,48,2017
218,0,2017-11-29,0,0,0,0,0,0,782,0,0,7,21,0,254,1036,0,8,II,48,2017
1234,0,2017-11-29,0,0,0,0,0,0,134,1,0,22,14,0,1282,1416,2,9,III,48,2017
270,0,2017-11-27,1,4,25,22,13,20,2475,20,0,426,137,4,989,3464,13,34,IV,48,2017
112,0,2017-11-27,3,1,0,15,13,21,324,40,2,71,98,1,405,729,3,25,JillaniPark,48,2017
190,0,2017-11-29,0,0,0,0,0,0,592,0,1,11,3,0,208,800,0,3,PDLBC,48,2017
0,0,2017-11-27,0,1,0,20,1,0,388,19,0,121,31,2,218,606,8,15,"Project Gulshan-e-Iqbal Park",48,2017
848,0,2017-11-29,0,0,2,2,0,0,1028,6,0,29,23,0,928,1956,0,18,V,48,2017
214,0,2017-11-29,0,0,0,0,0,0,218,0,0,5,5,0,228,446,0,4,VI,48,2017
74,0,2017-11-29,0,0,0,0,0,0,524,0,0,1,2,0,82,606,0,5,VII,48,2017
0,0,2017-12-05,0,0,0,4,6,11,-1,26,0,126,35,1,229,228,10,10,GIP,49,2017
0,0,2017-12-08,0,14,44,26,5,9,675,41,22,495,164,14,885,1560,11,40,I,49,2017
0,0,2017-12-06,3,8,40,5,45,30,563,39,17,540,44,3,842,1405,19,49,III,49,2017
0,0,2017-12-05,3,1,64,2,14,23,2,20,2,22,78,1,241,243,3,8,JillaniPark,49,2017
0,0,2017-12-06,0,1,14,2,19,9,0,33,12,275,20,0,401,401,4,12,PDLBC,49,2017
0,0,2017-12-05,0,1,35,11,1,0,14,8,0,92,25,2,188,202,6,7,"Project Gulshan-e-Iqbal Park",49,2017
0,0,2017-12-07,4,16,68,7,23,36,879,147,45,412,202,21,1071,1950,5,85,V,49,2017
0,0,2017-12-11,0,0,50,6,6,11,-1,20,1,87,29,2,228,227,7,9,GIP,50,2017
0,0,2017-12-15,0,7,2,1,15,2,-1,29,43,61,181,2,353,352,2,8,GORs,50,2017
0,0,2017-12-12,1,2,34,8,4,18,-1,16,11,117,258,5,519,518,11,34,II,50,2017
162,0,2017-12-13,6,6,46,26,18,9,319,58,19,692,309,9,1410,1729,15,35,IV,50,2017
0,0,2017-12-15,0,6,13,6,20,9,0,36,25,237,29,0,401,401,1,19,PDLBC,50,2017
0,0,2017-12-16,0,1,33,16,1,0,14,10,0,93,18,2,187,201,6,7,"Project Gulshan-e-Iqbal Park",50,2017
0,0,2017-12-11,6,28,129,42,38,68,80,194,80,740,358,44,1871,1951,13,131,V,50,2017
0,0,2017-12-15,1,2,12,5,2,8,6,11,1,114,25,5,216,222,10,20,VI,50,2017
0,0,2017-12-12,0,4,13,10,2,5,2,9,3,208,34,4,302,304,1,9,VII,50,2017
167,0,2017-12-19,0,0,45,8,0,12,-2,20,3,126,42,0,432,430,6,3,GIP,51,2017
62,0,2017-12-20,0,3,0,1,0,2,481,23,6,33,49,0,190,671,2,9,GORs,51,2017
253,0,2017-12-18,0,17,40,60,6,16,475,98,88,913,239,21,1840,2315,18,71,I,51,2017
163,0,2017-12-20,1,7,1,12,2,18,309,23,2,149,267,1,709,1018,8,55,II,51,2017
587,0,2017-12-20,0,0,0,0,1,0,37,5,0,24,24,0,649,686,2,6,III,51,2017
524,0,2017-12-19,0,8,40,17,4,9,1077,37,78,449,195,1,1431,2508,15,54,IV,51,2017
138,0,2017-12-20,0,1,2,6,1,2,48,22,20,78,123,0,406,454,5,8,JillaniPark,51,2017
183,0,2017-12-20,0,5,1,3,2,10,174,80,60,184,30,0,584,758,6,20,PDLBC,51,2017
0,0,2017-12-20,0,1,0,14,0,0,198,13,0,137,27,1,200,398,6,1,"Project Gulshan-e-Iqbal Park",51,2017
625,0,2017-12-20,0,0,0,1,0,1,206,7,0,44,27,0,729,935,1,23,V,51,2017
104,0,2017-12-20,0,0,0,0,0,0,106,0,0,0,3,0,112,218,0,5,VI,51,2017
100,0,2017-12-20,0,0,0,0,0,0,480,3,0,3,6,0,116,596,0,4,VII,51,2017
24,0,2017-12-27,0,0,0,9,1,11,178,19,1,127,48,1,250,428,5,4,GIP,52,2017
63,0,2017-12-30,0,0,0,0,0,0,273,0,0,0,0,0,65,338,0,2,GORs,52,2017
89,0,2017-12-30,0,0,1,0,0,0,671,1,0,3,2,0,97,768,0,1,I,52,2017
116,0,2017-12-28,1,10,0,11,1,19,374,26,18,129,241,1,644,1018,11,60,II,52,2017
583,0,2017-12-29,2,4,0,6,11,25,81,41,11,458,67,1,1295,1376,12,74,III,52,2017
117,0,2017-12-27,2,4,10,21,5,22,693,28,42,475,200,0,978,1671,9,43,IV,52,2017
0,0,2017-12-30,0,0,7,0,0,0,204,2,0,4,7,0,24,228,0,4,JillaniPark,52,2017
81,0,2017-12-30,0,0,0,0,0,0,288,1,1,3,4,0,91,379,0,1,PDLBC,52,2017
0,0,2017-12-26,0,0,0,11,0,0,198,16,1,124,30,1,200,398,6,11,"Project Gulshan-e-Iqbal Park",52,2017
350,0,2017-12-30,0,0,1,0,0,0,548,6,0,19,8,0,387,935,0,3,V,52,2017
66,0,2017-12-26,0,4,0,12,5,16,150,20,12,212,55,2,483,633,14,65,VI,52,2017
33,0,2017-12-26,0,6,0,18,2,10,265,34,7,399,63,3,629,894,2,52,VII,52,2017
0,0,2018-01-01,0,0,0,7,0,10,-1,29,1,113,39,1,215,214,6,9,GIP,0,2018
0,0,2018-01-01,0,11,2,4,2,4,211,26,72,72,246,1,465,676,4,21,GORs,0,2018
0,0,2018-01-04,0,9,0,20,3,9,1,32,23,497,112,13,768,769,10,40,I,0,2018
0,0,2018-01-06,2,6,0,11,2,19,-1,15,2,128,275,2,509,508,6,41,II,0,2018
0,0,2018-01-03,2,5,0,5,18,25,3,45,26,428,60,2,685,688,13,56,III,0,2018
0,0,2018-01-05,2,5,0,25,7,21,18,40,9,454,206,1,817,835,7,40,IV,0,2018
0,0,2018-01-01,0,1,0,2,0,1,25,41,5,42,93,1,203,228,6,11,JillaniPark,0,2018
0,0,2018-01-03,0,4,0,3,2,9,0,22,17,268,36,0,379,379,4,14,PDLBC,0,2018
0,0,2018-01-01,0,1,0,16,0,0,15,10,1,115,17,1,184,199,7,16,"Project Gulshan-e-Iqbal Park",0,2018
0,0,2018-01-02,0,13,1,13,4,36,1,71,28,469,231,4,934,935,5,59,V,0,2018
24,0,2018-01-08,0,0,0,4,1,11,178,27,2,126,43,1,250,428,5,6,GIP,1,2018
63,0,2018-01-10,0,0,0,0,0,0,274,0,0,0,1,0,65,339,0,1,GORs,1,2018
101,0,2018-01-10,0,12,0,20,4,6,659,44,17,512,113,7,877,1536,2,39,I,1,2018
116,0,2018-01-10,2,12,0,14,1,18,372,20,3,130,279,2,643,1015,2,44,II,1,2018
595,0,2018-01-10,0,0,0,0,0,0,69,2,0,4,11,0,619,688,0,7,III,1,2018
129,0,2018-01-10,0,2,0,17,2,18,1975,25,2,131,141,1,532,2507,1,63,IV,1,2018
0,0,2018-01-09,0,0,0,5,1,0,229,27,6,49,123,0,227,456,6,10,JillaniPark,1,2018
96,0,2018-01-09,0,5,0,4,2,8,273,29,10,267,27,0,483,756,8,27,PDLBC,1,2018
0,0,2018-01-09,0,1,0,14,0,0,198,12,0,128,31,1,198,396,6,5,"Project Gulshan-e-Iqbal Park",1,2018
426,0,2018-01-10,0,13,0,13,5,36,493,118,24,438,243,3,1373,1866,4,50,V,1,2018
115,0,2018-01-08,0,2,0,7,3,10,92,10,5,111,35,1,329,421,10,20,VI,1,2018
33,0,2018-01-08,0,3,1,8,4,5,262,10,17,183,44,0,334,596,2,24,VII,1,2018
162,0,2018-01-17,0,0,1,6,2,10,-2,22,1,136,72,1,432,430,2,17,GIP,2,2018
63,0,2018-01-17,0,6,0,4,2,2,272,59,8,41,197,1,404,676,0,21,GORs,2,2018
99,0,2018-01-20,0,0,0,0,0,0,655,1,0,1,4,0,108,763,0,3,I,2,2018
117,0,2018-01-20,0,0,0,0,0,0,365,0,0,2,10,0,135,500,0,6,II,2,2018
579,0,2018-01-15,1,7,0,6,7,27,73,48,12,426,88,2,1275,1348,5,67,III,2,2018
119,0,2018-01-18,2,5,10,25,5,0,684,52,12,464,225,2,985,1669,2,62,IV,2,2018
113,0,2018-01-17,0,2,0,9,1,0,58,37,5,75,146,0,398,456,4,6,JillaniPark,2,2018
86,0,2018-01-16,0,4,0,7,3,9,278,28,6,271,31,1,469,747,0,23,PDLBC,2,2018
0,0,2018-01-17,0,1,0,5,0,0,148,28,1,131,47,2,230,378,2,13,"Project Gulshan-e-Iqbal Park",2,2018
395,0,2018-01-19,0,11,2,6,5,34,517,64,47,475,234,3,1337,1854,2,59,V,2,2018
91,0,2018-01-15,0,0,0,4,4,10,114,9,5,115,33,0,304,418,0,33,VI,2,2018
33,0,2018-01-16,0,2,0,11,2,5,259,8,4,179,51,1,333,592,0,37,VII,2,2018
0,0,2018-01-24,0,8,0,3,3,2,-1,7,78,53,172,1,339,338,1,11,GORs,3,2018
0,0,2018-01-22,0,13,0,16,4,6,1,35,14,486,107,9,762,763,3,69,I,3,2018
0,0,2018-01-24,4,14,0,10,2,34,-2,39,8,230,580,8,1003,1001,4,70,II,3,2018
0,0,2018-01-23,1,7,0,14,23,30,465,36,5,576,111,1,878,1343,7,67,III,3,2018
0,0,2018-01-23,0,6,0,12,5,15,100,26,20,447,60,0,646,746,8,47,PDLBC,3,2018
0,0,2018-01-27,1,0,0,3,3,9,6,4,5,109,32,0,202,208,0,36,VI,3,2018
0,0,2018-01-27,0,1,0,15,1,4,0,12,8,179,59,2,294,294,0,13,VII,3,2018
169,0,2018-01-31,0,0,0,0,0,0,-1,1,0,16,29,0,216,215,0,1,GIP,4,2018
63,0,2018-01-30,0,12,5,8,3,3,271,60,60,83,417,2,742,1013,3,23,GORs,4,2018
85,0,2018-01-31,0,0,0,0,0,0,671,0,0,4,1,0,92,763,0,2,I,4,2018
106,0,2018-01-31,7,2,0,17,4,33,377,30,10,225,580,6,1126,1503,1,105,II,4,2018
460,0,2018-01-30,1,6,29,5,24,23,188,44,3,441,72,1,1148,1336,0,39,III,4,2018
0,0,2018-01-29,2,6,0,21,5,0,9,44,19,459,203,4,823,832,5,55,IV,4,2018
120,0,2018-01-31,0,0,0,2,0,0,34,3,0,22,44,0,194,228,0,3,JillaniPark,4,2018
0,0,2018-02-03,0,0,0,0,0,0,0,0,0,0,15,0,38,38,0,23,"PD Ring Road",4,2018
87,0,2018-01-31,0,0,0,0,0,0,275,0,0,7,2,0,96,371,0,0,PDLBC,4,2018
17,0,2018-01-31,0,0,0,1,0,0,133,1,0,18,17,0,56,189,0,2,"Project Gulshan-e-Iqbal Park",4,2018
392,0,2018-01-31,0,0,0,0,0,0,500,0,0,13,14,0,426,926,0,7,V,4,2018
75,0,2018-01-31,0,0,0,0,0,0,124,0,0,1,7,0,84,208,0,1,VI,4,2018
30,0,2018-01-31,0,0,0,0,0,0,261,0,0,0,3,0,33,294,0,0,VII,4,2018
0,0,2018-02-06,0,12,0,23,5,7,1,41,19,471,111,7,762,763,2,64,I,5,2018
0,0,2018-02-08,0,6,0,9,15,24,9,25,3,443,82,1,646,655,0,38,III,5,2018
2,0,2018-02-09,2,3,0,17,6,13,37,37,11,481,178,3,795,832,2,40,IV,5,2018
0,0,2018-02-10,0,2,1,8,2,1,21,32,4,61,85,0,206,227,4,6,JillaniPark,5,2018
0,0,2018-02-07,0,0,0,1,0,0,0,0,0,0,16,0,39,39,0,22,"PD Ring Road",5,2018
0,0,2018-02-10,0,2,0,12,0,13,8,4,2,38,146,0,230,238,0,13,"PHA Office Staff",5,2018
0,0,2018-02-07,0,6,0,10,9,37,1,79,21,473,222,4,924,925,2,61,V,5,2018
0,0,2018-02-08,0,3,0,5,1,4,0,5,2,209,44,2,295,295,0,20,VII,5,2018
9,0,2018-02-13,0,0,0,7,1,1,363,20,3,145,60,1,261,624,5,9,GIP,6,2018
80,0,2018-02-12,0,10,6,3,2,3,796,62,15,82,243,1,542,1338,1,34,GORs,6,2018
172,0,2018-02-14,0,13,28,28,2,8,1340,29,18,446,122,13,947,2287,4,64,I,6,2018
211,0,2018-02-14,0,0,0,0,0,0,754,2,0,7,15,0,242,996,0,7,II,6,2018
877,0,2018-02-14,0,0,1,0,0,0,410,5,0,21,33,0,950,1360,0,13,III,6,2018
270,0,2018-02-14,0,0,11,3,1,0,2122,8,0,23,42,0,368,2490,0,10,IV,6,2018
0,0,2018-02-12,0,3,0,9,2,1,367,65,4,73,145,0,314,681,0,12,JillaniPark,6,2018
174,0,2018-02-13,0,3,0,7,5,9,548,18,9,278,32,0,562,1110,0,27,PDLBC,6,2018
84,0,2018-02-14,0,2,4,8,0,0,649,7,1,38,147,0,301,950,7,3,"PHA Office Staff",6,2018
0,0,2018-02-12,1,0,2,21,0,0,329,21,1,125,38,1,238,567,0,28,"Project Gulshan-e-Iqbal Park",6,2018
824,0,2018-02-14,0,0,0,0,0,0,903,6,0,24,24,0,901,1804,0,23,V,6,2018
113,0,2018-02-13,1,2,0,2,2,6,289,2,5,108,45,3,335,624,0,46,VI,6,2018
71,0,2018-02-14,0,0,0,0,0,0,510,0,0,0,3,0,78,588,0,4,VII,6,2018
40,0,2018-02-21,2,0,19,12,2,6,258,20,10,88,514,0,730,988,2,15,"ENGINEERING DIRECTORATE",7,2018
7,0,2018-02-22,0,0,0,2,2,0,8,13,2,115,46,1,195,203,3,4,GIP,7,2018
0,0,2018-02-18,0,0,0,0,0,0,761,0,0,0,0,0,0,761,0,0,I,7,2018
0,0,2018-02-24,3,8,0,7,1,16,-1,29,8,109,264,4,500,499,2,49,II,7,2018
0,0,2018-02-19,2,5,0,19,4,22,112,41,50,381,144,3,717,829,3,43,IV,7,2018
0,0,2018-02-20,0,0,0,3,0,0,0,3,0,0,14,0,36,36,0,16,"PD Ring Road",7,2018
0,0,2018-02-23,1,5,0,3,5,8,0,10,10,259,34,0,362,362,5,22,PDLBC,7,2018
413,0,2018-02-19,0,4,4,4,0,0,686,7,3,51,136,0,637,1323,7,8,"PHA Office Staff",7,2018
9,0,2018-02-22,1,0,0,5,0,0,15,6,2,101,42,1,174,189,2,5,"Project Gulshan-e-Iqbal Park",7,2018
0,0,2018-02-20,0,14,0,8,8,36,2,51,16,512,193,6,902,904,0,58,V,7,2018
0,0,2018-02-23,2,1,8,4,2,8,5,5,1,112,27,2,202,207,4,26,VI,7,2018
0,0,2018-02-23,0,2,0,8,3,3,0,5,3,204,53,1,294,294,0,12,VII,7,2018
49,0,2018-02-26,1,0,38,2,0,21,801,3,1,6,57,0,188,989,0,10,"ENGINEERING DIRECTORATE",8,2018
0,0,2018-02-27,0,0,1,8,2,0,244,15,0,100,29,1,162,406,2,4,GIP,8,2018
63,0,2018-02-27,0,6,3,2,3,2,265,17,25,54,211,1,397,662,0,10,GORs,8,2018
105,0,2018-02-28,0,9,0,13,5,9,650,25,11,518,130,9,876,1526,2,40,I,8,2018
111,0,2018-02-28,0,0,0,0,0,0,372,0,0,3,9,0,127,499,0,4,II,8,2018
447,0,2018-02-26,0,4,0,8,20,19,212,31,3,445,116,1,1140,1352,2,44,III,8,2018
136,0,2018-02-28,0,0,0,1,0,0,641,5,0,16,17,0,183,824,0,8,IV,8,2018
0,0,2018-02-27,0,1,2,11,3,1,225,23,5,58,113,0,225,450,4,4,JillaniPark,8,2018
0,0,2018-03-03,0,0,0,1,0,0,0,1,0,0,5,0,35,35,0,28,"PD Ring Road",8,2018
85,0,2018-02-28,0,0,0,0,0,0,268,0,0,4,5,0,94,362,0,0,PDLBC,8,2018
0,0,2018-02-27,1,0,0,14,0,0,223,9,0,95,26,1,155,378,1,8,"Project Gulshan-e-Iqbal Park",8,2018
377,0,2018-02-28,0,14,7,14,8,37,499,58,26,486,203,5,1326,1825,1,90,V,8,2018
83,0,2018-02-28,0,0,0,0,0,0,115,0,0,0,6,0,92,207,0,3,VI,8,2018
35,0,2018-02-28,0,0,0,0,0,0,255,1,0,0,1,0,39,294,0,2,VII,8,2018
7,0,2018-03-05,0,0,18,6,1,9,1898,1,6,44,69,0,176,2074,0,15,"ENGINEERING DIRECTORATE",9,2018
0,0,2018-03-09,0,0,5,4,1,1,245,13,2,91,34,1,163,408,4,7,GIP,9,2018
63,0,2018-03-09,0,6,2,1,1,2,264,29,9,57,214,1,396,660,0,11,GORs,9,2018
111,0,2018-03-10,0,0,0,0,0,0,647,1,0,1,2,0,119,766,0,4,I,9,2018
105,0,2018-03-08,3,1,0,7,2,15,378,29,1,111,295,4,618,996,0,45,II,9,2018
445,0,2018-03-06,0,5,0,8,15,25,209,29,1,459,104,1,1147,1356,0,55,III,9,2018
146,0,2018-03-05,2,6,3,10,6,23,660,46,25,455,199,3,982,1642,2,56,IV,9,2018
0,0,2018-03-07,0,1,0,8,2,0,220,28,3,49,121,0,219,439,3,4,JillaniPark,9,2018
87,0,2018-03-06,0,4,0,2,5,9,267,26,3,270,31,0,456,723,0,19,PDLBC,9,2018
10,0,2018-03-07,2,1,0,22,0,0,238,18,0,188,61,2,329,567,1,24,"Project Gulshan-e-Iqbal Park",9,2018
369,0,2018-03-10,0,0,1,0,0,0,507,0,0,19,7,0,407,914,1,10,V,9,2018
75,0,2018-03-08,2,0,0,1,1,7,116,3,2,106,56,2,282,398,0,27,VI,9,2018
24,0,2018-03-07,0,3,0,6,3,4,265,8,0,195,58,1,321,586,0,19,VII,9,2018
90,0,2018-03-12,0,0,21,5,0,18,1830,1,2,18,116,0,306,2136,0,35,"ENGINEERING DIRECTORATE",10,2018
0,0,2018-03-17,0,0,0,7,2,3,8,14,1,150,64,1,260,268,0,18,GIP,10,2018
150,0,2018-03-17,0,2,3,0,0,2,-1,9,4,46,103,0,331,330,0,12,GORs,10,2018
276,0,2018-03-12,0,11,2,30,5,6,1148,34,11,544,141,14,1151,2299,1,76,I,10,2018
567,0,2018-03-13,0,8,3,15,17,23,668,33,1,507,126,1,1365,2033,0,64,III,10,2018
33,0,2018-03-15,0,0,0,2,0,0,0,0,0,13,2,0,68,68,0,18,"PD Ring Road",10,2018
165,0,2018-03-13,0,7,10,14,9,14,329,20,11,429,38,0,757,1086,6,34,PDLBC,10,2018
76,0,2018-03-16,0,0,0,0,0,0,398,0,0,1,3,0,94,492,0,14,"PHA Office Staff",10,2018
617,0,2018-03-15,0,11,2,17,9,33,229,43,18,579,205,6,1599,1828,0,59,V,10,2018
58,0,2018-03-14,0,3,0,8,3,3,218,6,3,195,59,1,368,586,0,29,VII,10,2018
12,0,2018-03-21,2,1,111,9,1,44,124,8,7,25,173,0,433,557,0,40,"ENGINEERING DIRECTORATE",11,2018
0,0,2018-03-22,0,7,5,2,1,0,-1,34,5,37,223,1,332,331,0,17,GORs,11,2018
0,0,2018-03-19,3,8,0,7,2,14,-1,29,1,97,288,4,497,496,2,42,II,11,2018
0,0,2018-03-20,2,6,0,21,5,20,15,21,27,475,173,4,807,822,2,51,IV,11,2018
0,0,2018-03-22,0,1,73,1,1,0,17,4,4,27,92,0,213,230,1,9,JillaniPark,11,2018
62,0,2018-03-19,0,0,1,0,0,0,1881,0,0,10,38,0,112,1993,0,1,"PHA Office Staff",11,2018
0,0,2018-03-22,1,1,0,6,0,0,47,7,0,87,25,1,141,188,2,11,"Project Gulshan-e-Iqbal Park",11,2018
0,0,2018-03-21,2,0,12,3,3,7,-1,5,0,91,39,0,202,201,0,40,VI,11,2018
140,0,2018-03-26,0,0,8,1,0,3,1406,5,0,20,60,0,269,1675,2,30,"ENGINEERING DIRECTORATE",12,2018
0,0,2018-03-29,0,0,4,13,3,1,326,22,0,113,44,1,212,538,0,11,GIP,12,2018
0,0,2018-03-30,0,9,5,4,1,1,271,27,20,64,241,1,391,662,0,18,GORs,12,2018
0,0,2018-03-26,0,5,22,16,1,4,3447,8,27,187,74,3,369,3816,2,20,I,12,2018
148,0,2018-03-26,1,2,6,4,0,2,1161,9,0,31,117,0,335,1496,0,15,II,12,2018
0,0,2018-03-26,0,6,34,4,10,19,1488,35,2,352,58,1,552,2040,0,31,III,12,2018
236,0,2018-03-26,2,4,50,11,3,9,3915,40,16,403,198,4,1058,4973,0,82,IV,12,2018
0,0,2018-03-26,0,0,0,0,0,0,0,0,0,10,2,0,31,31,0,19,"PD Ring Road",12,2018
0,0,2018-03-26,0,1,8,8,6,10,1091,17,5,247,19,0,349,1440,5,23,PDLBC,12,2018
0,0,2018-03-27,0,1,6,1,0,1,989,1,3,1,34,0,51,1040,0,3,"PHA Office Staff",12,2018
0,0,2018-03-29,1,0,0,13,0,0,188,13,0,127,22,1,188,376,0,11,"Project Gulshan-e-Iqbal Park",12,2018
0,0,2018-03-26,0,10,53,4,7,29,2141,76,10,299,97,4,619,2760,0,30,V,12,2018
128,0,2018-03-27,3,1,18,4,4,10,174,6,0,130,72,1,426,600,0,49,VI,12,2018
0,0,2018-03-26,0,1,2,2,0,1,264,1,0,14,7,1,30,294,0,1,VII,12,2018
99,0,2018-04-02,0,0,1,0,0,0,452,0,0,0,4,0,111,563,0,7,"ENGINEERING DIRECTORATE",13,2018
232,0,2018-04-02,0,0,0,1,3,0,22,2,0,1,2,0,246,268,0,5,GIP,13,2018
11,0,2018-04-02,0,0,0,0,0,0,485,0,0,0,2,0,13,498,0,0,II,13,2018
26,0,2018-04-02,0,0,0,0,0,0,647,0,0,0,1,0,27,674,0,0,III,13,2018
52,0,2018-04-02,0,0,0,1,0,0,507,4,0,53,23,0,137,644,1,3,"PHA Office Staff",13,2018
67,0,2018-04-02,0,0,0,0,0,0,846,0,0,0,7,1,75,921,0,0,V,13,2018
16,0,2018-04-02,0,0,0,0,0,0,277,0,0,0,1,0,17,294,0,0,VII,13,2018
